<?xml version="1.0" encoding="UTF-8"?>
<TrackingData>
    <Sensors>
        <Sensor Type="MarkerBasedSensorSource">
            <SensorID>MarkerBasedSensorSource_0</SensorID>
            <Parameters>
                <MarkerTrackingParameters>
                    <TrackingQuality>robust</TrackingQuality>
                    <ThresholdOffset>120</ThresholdOffset>
                    <NumberOfSearchIterations>5</NumberOfSearchIterations>
                </MarkerTrackingParameters>
            </Parameters>
            <SensorCOS>
                <SensorCosID>IDMarker_1</SensorCosID>
                <Parameters>
                    <MarkerParameters>
                        <Size>140</Size>
                        <MatrixID>1</MatrixID>
                    </MarkerParameters>
                </Parameters>
            </SensorCOS>
        </Sensor>
    </Sensors>
    <Connections>
        <COS>
            <Name>ID marker 1</Name>
            <Fuser Type="SmoothingFuser">
                <Parameters>
                    <AlphaRotation>0.8</AlphaRotation>
                    <AlphaTranslation>1.0</AlphaTranslation>
                    <GammaRotation>0.8</GammaRotation>
                    <GammaTranslation>1.0</GammaTranslation>
                    <KeepPoseForNumberOfFrames>0</KeepPoseForNumberOfFrames>
                </Parameters>
            </Fuser>
            <SensorSource>
                <SensorID>MarkerBasedSensorSource_0</SensorID>
                <SensorCosID>IDMarker_1</SensorCosID>
                <HandEyeCalibration>
                    <TranslationOffset>
                        <x>0.0</x>
                        <y>0.0</y>
                        <z>0.0</z>
                    </TranslationOffset>
                    <RotationOffset>
                        <x>0.0</x>
                        <y>0.0</y>
                        <z>0.0</z>
                        <w>1.0</w>
                    </RotationOffset>
                </HandEyeCalibration>
                <COSOffset>
                    <TranslationOffset>
                        <x>0.0</x>
                        <y>0.0</y>
                        <z>0.0</z>
                    </TranslationOffset>
                    <RotationOffset>
                        <x>0.0</x>
                        <y>0.0</y>
                        <z>0.0</z>
                        <w>1.0</w>
                    </RotationOffset>
                </COSOffset>
            </SensorSource>
        </COS>
    </Connections>
</TrackingData>
